Pixel_Pitch_avr,dollar_avr,dollar_min,dollar_max
2.5,1073.25,1007.5,1139.0
4.81,566.62,234.0,850.0
8,1368.5,418.0,2319.0
3,1250.0,1250.0,1250.0
2.9,1500.0,1500.0,1500.0
2.6,1600.0,1600.0,1600.0
4,1538.0,1538.0,1538.0
3.91,792.5,685.0,900.0
1.25,6500.0,6500.0,6500.0
5.95,464.19,464.19,464.19
10,475.0,475.0,475.0
16,476.5,476.5,476.5
